{
  "model_type": "RandomForest",
  "train_accuracy": 0.9978434748007637,
  "test_accuracy": 0.9964542882469369,
  "train_f1": 0.9891548536580497,
  "test_f1": 0.9821708703207929,
  "test_precision": 0.9833624889490812,
  "test_recall": 0.9809821361555205,
  "training_time": 434.8310077190399,
  "feature_importance": {
    "c_rate": 0.12274570312352208,
    "power": 0.10888616018802345,
    "current": 0.10677969073585236,
    "voltage_gradient": 0.09004524747686084,
    "humidity": 0.07684051462978177,
    "ambient_temp": 0.07628864088357752,
    "temperature": 0.06599961251120703,
    "voltage": 0.06373883221042408,
    "charge_mode_encoded": 0.06006529724122784,
    "voltage_soc_ratio": 0.059628117804844304,
    "env_stress": 0.05295692431909338,
    "temp_gradient": 0.04407199484084277,
    "thermal_stress": 0.042696072526620374,
    "temp_diff": 0.02430154093172258,
    "soc": 0.004918267447102475,
    "soc_rate": 3.738312929722129e-05
  },
  "model_params": {
    "bootstrap": true,
    "ccp_alpha": 0.0,
    "class_weight": null,
    "criterion": "gini",
    "max_depth": 25,
    "max_features": "sqrt",
    "max_leaf_nodes": null,
    "max_samples": null,
    "min_impurity_decrease": 0.0,
    "min_samples_leaf": 10,
    "min_samples_split": 20,
    "min_weight_fraction_leaf": 0.0,
    "monotonic_cst": null,
    "n_estimators": 300,
    "n_jobs": -1,
    "oob_score": false,
    "random_state": 42,
    "verbose": 2,
    "warm_start": false
  },
  "training_samples": 4282352,
  "test_samples": 1070589,
  "features_used": 16
}